"0.0","0.12976620190885052"
"0.0","0.12606908820761778"
"0.0","0.12529582775760942"
"0.0","0.12623734159144445"
"0.0","0.12587531355516116"
"0.0","0.12514032977913475"
"0.0","0.12510448329108403"
"0.0","0.1251174739912427"
"0.0","0.12522904214319183"
"0.0","0.12501808095324776"
"0.0","0.12522495446032544"
"0.0","0.12510911402785088"
"0.0","0.12543036720560083"
"0.0","0.12505989714239737"
"0.0","0.12509074066429557"
"0.0","0.1251059376489615"
"0.0","0.12503992247116869"
"0.0","0.1252783206315067"
"0.0","0.12511115260523703"
"0.0","0.12505791565900687"
"0.0","0.12507041564402718"
"0.0","0.12510302218829927"
"0.0","0.1252543660821924"
"0.0","0.12502827299786612"
"0.0","0.12500886767022962"
"0.0","0.1250911188265639"
"0.0","0.12536215929858546"
"0.0","0.12533251770902187"
"0.0","0.12527835276397176"
"0.0","0.12522877314194258"
"0.0","0.12508861039541452"
"0.0","0.1250126304905013"
"0.0","0.1253413957029197"
"0.0","0.12525430979939606"
"0.0","0.1251519825884982"
"0.0","0.1250158023352766"
"0.0","0.1253341977203656"
"0.0","0.1251090681991959"
"0.0","0.1250063817141218"
"0.0","0.12532360802562115"
"0.0","0.12515306743855725"
"0.0","0.12504893029087766"
"0.0","0.12507106865335338"
"0.0","0.12528684516941108"
"0.0","0.12500749141396283"
"0.0","0.12500442875446793"
"0.0","0.12500486415413456"
"0.0","0.1251652569711981"
"0.0","0.12533109084509148"
"0.0","0.12501510680663086"
"0.0","0.1251038516305631"
"0.0","0.12506093146957487"
"0.0","0.12508549011141532"
"0.0","0.12502950739441118"
"0.0","0.12502810021042182"
"0.0","0.12506692334437708"
"0.0","0.12502976269774474"
"0.0","0.12504589253509774"
"0.0","0.1251312932130944"
"0.0","0.12503535287193548"
"0.0","0.12538053011271316"
"0.0","0.12516504572812454"
"0.0","0.1250097508833055"
"0.0","0.12532048054742295"
"0.0","0.12505991615908701"
"0.0","0.12522369976117892"
"0.0","0.12527497421766814"
"0.0","0.12502786426267054"
"0.0","0.12500328828258983"
"0.0","0.12500675181330537"
"0.0","0.12511237329894936"
"0.0","0.12514448628294447"
"0.0","0.1253567085713846"
"0.0","0.12504563708632377"
"0.0","0.12502202556234396"
"0.0","0.12529522440480856"
"0.0","0.12518087777365208"
"0.0","0.1252494021166536"
"0.0","0.12501575833312373"
"0.0","0.12520528740123416"
"0.0","0.12500346937523588"
"0.0","0.12506631167196025"
"0.0","0.12545628358787558"
"0.0","0.12502390202715585"
"0.0","0.1250783018150377"
"0.0","0.1254132429362097"
"0.0","0.12510661371858822"
"0.0","0.12517054364460312"
"0.0","0.12506352841846874"
"0.0","0.12506163623725292"
"0.0","0.12512210945763733"
"0.0","0.12532792078345656"
"0.0","0.12503594862628326"
"0.0","0.1250600825286754"
"0.0","0.1251711897054745"
"0.0","0.1252462679523113"
"0.0","0.12517802129785327"
"0.0","0.12500465039733447"
"0.0","0.12499276650320755"
"0.0","0.12521270576217625"
"0.0","0.12509367113449094"
"0.0","0.1250542881433901"
"0.0","0.12518967557869373"
"0.0","0.12503951294483284"
"0.0","0.12500972474831312"
"0.0","0.12500333076835946"
"0.0","0.12501870958336792"
"0.0","0.1252524729337256"
"0.0","0.12524951126853534"
"0.0","0.12500492002115263"
"0.0","0.12517500505701243"
"0.0","0.12500809484201836"
"0.0","0.1252293702692862"
"0.0","0.12500190684336365"
"0.0","0.12501540202159842"
"0.0","0.12503315331333936"
"0.0","0.12523330733299756"
"0.0","0.1254012011076349"
"0.0","0.1250304427025543"
"0.0","0.12514005832687308"
"0.0","0.1251062625327738"
"0.0","0.12508775917734352"
"0.0","0.12498556401143363"
"0.0","0.12498901008598097"
"0.0","0.12501361778798897"
"0.0","0.12525987434854557"
"0.0","0.12520912163496808"
"0.0","0.1251525780092999"
"0.0","0.12514842715936414"
"0.0","0.1249860985069513"
"0.0","0.12498460919185116"
"0.0","0.12521662853336785"
"0.0","0.12509842321336087"
"0.0","0.12512619131466673"
"0.0","0.12513711905384778"
"0.0","0.12512823365122333"
"0.0","0.1251014453860262"
"0.0","0.12501555121544167"
"0.0","0.1250100659570742"
"0.0","0.1250229735718824"
"0.0","0.12516704485490004"
"0.0","0.12509542757309677"
"0.0","0.12498222393883787"
"0.0","0.12497906286890073"
"0.0","0.1249782590202028"
"0.0","0.12520655254296087"
"0.0","0.1250901115509746"
"0.0","0.12501548515751962"
"0.0","0.12498600090610945"
"0.0","0.12497702048929854"
"0.0","0.12534475320282173"
"0.0","0.12499914438978255"
"0.0","0.1251061727915918"
"0.0","0.12501773831491644"
"0.0","0.1252388351803214"
"0.0","0.12498286958656905"
"0.0","0.1249723766422901"
"0.0","0.12515502174163"
"0.0","0.1249733472788358"
"0.0","0.12508662602421658"
"0.0","0.1251231934253463"
"0.0","0.1249716834581241"
"0.0","0.12497170536846491"
"0.0","0.12522304327847453"
"0.0","0.12502325266408235"
"0.0","0.125148112936336"
"0.0","0.12517100001645953"
"0.0","0.12503659696305436"
"0.0","0.12503371718755166"
"0.0","0.12499331433739638"
"0.0","0.12500038112134437"
"0.0","0.12504489570978752"
"0.0","0.12497012030807633"
"0.0","0.12498647985684536"
"0.0","0.12501345747403775"
"0.0","0.1251995097805043"
"0.0","0.1251389877201142"
"0.0","0.1252709690138752"
"0.0","0.12497653314183851"
"0.0","0.12514053202667397"
"0.0","0.1250253825349379"
"0.0","0.1253909950449755"
"0.0","0.12496982799019032"
"0.0","0.12500433958688956"
"0.0","0.12496907192794872"
"0.0","0.12497203085252154"
"0.0","0.12507637477712527"
"0.0","0.12495285021278375"
"0.0","0.12499954163288801"
"0.0","0.12539628963149024"
"0.0","0.12496753616963541"
"0.0","0.1250170797731039"
"0.0","0.12534423902250594"
"0.0","0.12502752159328637"
"0.0","0.12496718609139523"
"0.0","0.1252319551347302"
"0.0","0.12509289849663674"
"0.0","0.12495460092350331"
"0.0","0.12509591101175804"
"0.0","0.1252320642398551"
"0.0","0.12499566084478847"
"0.0","0.12514157759078073"
"0.0","0.12502781583266032"
"0.0","0.1250455421981358"
"0.0","0.12493987539585041"
"0.0","0.125037598280299"
"0.0","0.1250422252037646"
"0.0","0.12496846571791703"
"0.0","0.12507486800154108"
"0.0","0.12493116810877017"
"0.0","0.12494021118910306"
"0.0","0.1251017370028829"
"0.0","0.12512785058951995"
"0.0","0.12501230404994018"
"0.0","0.12497646348217697"
"0.0","0.12531240561331175"
"0.0","0.12509307049855847"
"0.0","0.12504806277720457"
"0.0","0.12499489142693773"
"0.0","0.12494923297883614"
"0.0","0.12516898722916547"
"0.0","0.12495350279873771"
"0.0","0.12492547421767257"
"0.0","0.12524092088802533"
"0.0","0.12496777754783625"
"0.0","0.12492574378043136"
"0.0","0.12494938802752875"
"0.0","0.1251332743553607"
"0.0","0.1251260114688802"
"0.0","0.12490870959959431"
"0.0","0.12504369019337208"
"0.0","0.12493655141050257"
"0.0","0.12491662600552177"
"0.0","0.12492090652048374"
"0.0","0.1251706794702922"
"0.0","0.12489973955089226"
"0.0","0.12490480564179443"
"0.0","0.1250290076920509"
"0.0","0.12491189899859338"
"0.0","0.1249029669832046"
"0.0","0.12502574641393607"
"0.0","0.1250028417129223"
"0.0","0.12493262898271586"
"0.0","0.12496832141910197"
"0.0","0.12492298191277205"
"0.0","0.1249959280377836"
"0.0","0.12488067454917087"
"0.0","0.12499195176867603"
"0.0","0.12509400064124265"
"0.0","0.12489332848429269"
"0.0","0.12489373427810704"
"0.0","0.12512562093342552"
"0.0","0.12489662805721119"
"0.0","0.12493623380581562"
"0.0","0.12489255746067296"
"0.0","0.1248979311631409"
"0.0","0.1248613254872149"
"0.0","0.12493343654647329"
"0.0","0.12502757293679576"
"0.0","0.12485240745054962"
"0.0","0.12487599077523154"
"0.0","0.12530933261770588"
"0.0","0.12495621478121229"
"0.0","0.12489771422418586"
"0.0","0.12486725590081992"
"0.0","0.12489204535285067"
"0.0","0.12485380026426507"
"0.0","0.12490495977906801"
"0.0","0.1248352302994209"
"0.0","0.12483502013718706"
"0.0","0.12487313527240802"
"0.0","0.1248285406099138"
"0.0","0.12513910141583984"
"0.0","0.12510281359155448"
"0.0","0.12481388450426269"
"0.0","0.12481941506344614"
"0.0","0.12489486744382615"
"0.0","0.12480533817236564"
"0.0","0.1251673184516289"
"0.0","0.12496629925270067"
"0.0","0.12490879770586219"
"0.0","0.12502974407486792"
"0.0","0.12484716579286846"
"0.0","0.12487327573711346"
"0.0","0.12479228733203558"
"0.0","0.12515948418644746"
"0.0","0.12485483135048898"
"0.0","0.1250460107653861"
"0.0","0.1247943178255361"
"0.0","0.12486559522233598"
"0.0","0.12476328049532238"
"0.0","0.1251161988523487"
"0.0","0.12479965238229432"
"0.0","0.12477839162427962"
"0.0","0.1247808300767855"
"0.0","0.1248147883798199"
"0.0","0.12485835767678105"
"0.0","0.12487793095912252"
"0.0","0.12492823852337248"
"0.0","0.1247314519075775"
"0.0","0.12471792247377375"
"0.0","0.1247265670679021"
"0.0","0.12481335423308637"
"0.0","0.12484444953551428"
"0.0","0.12470798004505991"
"0.0","0.12492909630782417"
"0.0","0.12473505936679215"
"0.0","0.12478276920883363"
"0.0","0.12469556062311814"
"0.0","0.12468355391346181"
"0.0","0.1246964220889137"
"0.0","0.12469429464017735"
"0.0","0.12472563148212021"
"0.0","0.12476593515726928"
"0.0","0.12478717383916216"
"0.0","0.12465075146673146"
"0.0","0.12486493404436216"
"0.0","0.12466145212302587"
"0.0","0.12470569941141367"
"0.0","0.1247659752839698"
"0.0","0.12475509936500934"
"0.0","0.12472870485057021"
"0.0","0.1246375378710911"
"0.0","0.12465011709682844"
"0.0","0.12467474340964306"
"0.0","0.12476105861807651"
"0.0","0.12468592522354277"
"0.0","0.12460849999766488"
"0.0","0.12459134431024951"
"0.0","0.12467912875178294"
"0.0","0.12464496060269473"
"0.0","0.12454654187904049"
"0.0","0.12474850841676044"
"0.0","0.12458030056412608"
"0.0","0.12460267948713055"
"0.0","0.12454948434602289"
"0.0","0.1246978274327264"
"0.0","0.1245427615546396"
"0.0","0.12457280846315519"
"0.0","0.12460713810052773"
"0.0","0.12460374302771579"
"0.0","0.1245417215723892"
"0.0","0.12448009260265633"
"0.0","0.1248371620550709"
"0.0","0.12452327406143943"
"0.0","0.12445105290194167"
"0.0","0.12450440371506703"
"0.0","0.12446287489258627"
"0.0","0.12471521117203177"
"0.0","0.12445639289069274"
"0.0","0.12437373076069691"
"0.0","0.12452544637782359"
"0.0","0.1244203205241213"
"0.0","0.12440148306462562"
"0.0","0.12460486199111812"
"0.0","0.12436947889694314"
"0.0","0.12432848566170518"
"0.0","0.12441659936340196"
"0.0","0.124397324863844"
"0.0","0.12432994657353331"
"0.0","0.12440558561511676"
"0.0","0.12433875227526403"
"0.0","0.12430090903989485"
"0.0","0.12433364805468042"
"0.0","0.1242740318437911"
"0.0","0.12430991768350702"
"0.0","0.12425592350199789"
"0.0","0.12419156647162369"
"0.0","0.12416016634562323"
"0.0","0.12412179394200483"
"0.0","0.12411525085807723"
"0.0","0.12408034050832235"
"0.0","0.1241631346877845"
"0.0","0.12409713663870679"
"0.0","0.12404650336557305"
"0.0","0.12409915847053779"
"0.0","0.12400595743103711"
"0.0","0.12398483767282292"
"0.0","0.12397794421243043"
"0.0","0.12410548431792282"
"0.0","0.12421979915881984"
"0.0","0.12393068723719189"
"0.0","0.1239009642760484"
"0.0","0.12390384417992445"
"0.0","0.12389098958475253"
"0.0","0.12390598309054582"
"0.0","0.12383719553886119"
"0.0","0.12390487167852327"
"0.0","0.12376074392466793"
"0.0","0.12373696513333962"
"0.0","0.12383119041437204"
"0.0","0.12374610385292908"
"0.0","0.12371418216823821"
"0.0","0.12371140722411203"
"0.0","0.1236525276644341"
"0.0","0.12361224841405513"
"0.0","0.12358584259119565"
"0.0","0.12356719831635157"
"0.0","0.12357147520615885"
"0.0","0.12350008123020416"
"0.0","0.12351137294119724"
"0.0","0.12355071002893844"
"0.0","0.12342333266614096"
"0.0","0.12348402030727115"
"0.0","0.12337116898576189"
"0.0","0.12342633525870483"
"0.0","0.12325985475580813"
"0.0","0.12323027784597546"
"0.0","0.12333663701117567"
"0.0","0.12342494602782228"
"0.0","0.12324099720496057"
"0.0","0.12326200447511666"
"0.0","0.12308335993690168"
"0.0","0.12305447830744208"
"0.0","0.12302445474852663"
"0.0","0.12304364131096357"
"0.0","0.1230385166873297"
"0.0","0.12289470531571092"
"0.0","0.12297785071705596"
"0.0","0.12278242727185526"
"0.0","0.12282909426590408"
"0.0","0.12270949816178897"
"0.0","0.12287510570122788"
"0.0","0.12263864132398128"
"0.0","0.12260282057221103"
"0.0","0.12262735915818357"
"0.0","0.12248292937863274"
"0.0","0.1224531753659885"
"0.0","0.12238372031380912"
"0.0","0.12253205326774454"
"0.0","0.12234052855802532"
"0.0","0.12225146870161842"
"0.0","0.12242734832818881"
"0.0","0.12212337080133531"
"0.0","0.12228077107106972"
"0.0","0.12205098063766687"
"0.0","0.12196459099307018"
"0.0","0.12210422679268872"
"0.0","0.12196371405666581"
"0.0","0.12181590928999225"
"0.0","0.12178613314143769"
"0.0","0.12164038497422361"
"0.0","0.12176197201650199"
"0.0","0.12158327711882622"
"0.0","0.12146457680266468"
"0.0","0.12140862730935645"
"0.0","0.12139415730991318"
"0.0","0.12123694141206467"
"0.0","0.12146220288464268"
"0.0","0.12112775437486506"
"0.0","0.12100795729212177"
"0.0","0.12103510009667948"
"0.0","0.12091143346069672"
"0.0","0.1209194718153363"
"0.0","0.1207948075208885"
"0.0","0.12071922728058507"
"0.0","0.12055696094369275"
"0.0","0.12063052256040303"
"0.0","0.12051979453643209"
"0.0","0.12033978209870522"
"0.0","0.12028947014345048"
"0.0","0.12014452647329397"
"0.0","0.12007154366460981"
"0.0","0.11993012550607057"
"0.0","0.11981521010149154"
"0.0","0.11984806583946778"
"0.0","0.11970128831571601"
"0.0","0.11962051952814981"
"0.0","0.1194513923618823"
"0.0","0.1193025227344995"
"0.0","0.11916485719701127"
"0.0","0.11924467463033628"
"0.0","0.11900195027230004"
"0.0","0.1188756055624236"
"0.0","0.11876377952707377"
"0.0","0.11865115464446119"
"0.0","0.11851140578780396"
"0.0","0.11841543896902351"
"0.0","0.11822115291021296"
"0.0","0.11810057022002522"
"0.0","0.11804001498281055"
"0.0","0.11791607502892716"
"0.0","0.11771217127776515"
"0.0","0.11759590946207137"
"0.0","0.1175766394407204"
"0.0","0.11729760320996535"
"0.0","0.11726415162886056"
"0.0","0.11710831568554722"
"0.0","0.11704209388317716"
"0.0","0.11678104407127914"
"0.0","0.11665002609106437"
"0.0","0.11640346790995335"
"0.0","0.11631098015710409"
"0.0","0.11614389201504227"
"0.0","0.11594970266946669"
"0.0","0.11568814691570824"
"0.0","0.11552049751912602"
"0.0","0.1155819839720677"
"0.0","0.11526976785684828"
"0.0","0.11507372491131984"
"0.0","0.1149492982335532"
"0.0","0.11487451683580488"
"0.0","0.11460100050654788"
"0.0","0.11454078395236691"
"0.0","0.11423181462786092"
"0.0","0.11397797586100289"
"0.0","0.11379096145045382"
"0.0","0.11371089097921258"
"0.0","0.1135779484507676"
"0.0","0.11323317719636329"
"0.0","0.11310836778841762"
"0.0","0.11298237876636515"
"0.0","0.11271761117186155"
"0.0","0.1124225139288386"
"0.0","0.11231183691881193"
"0.0","0.11211598542078427"
"0.0","0.1118973057151898"
"0.0","0.1116938581854272"
"0.0","0.11138601042437726"
"0.0","0.11126695088997135"
"0.0","0.11098457458352759"
"0.0","0.11095238434201726"
"0.0","0.11080714727043173"
"0.0","0.11033503828238699"
"0.0","0.11021703491864475"
"0.0","0.11000663064442714"
"0.0","0.10987238501752125"
"0.0","0.10951211842935436"
"0.0","0.10936241389880684"
"0.0","0.10914102511305131"
"0.0","0.10888721179054096"
"0.0","0.1089939110501555"
"0.0","0.10841939969557578"
"0.0","0.10823764112248813"
"0.0","0.1080922731833708"
"0.0","0.10796562881359731"
"0.0","0.10754931436532814"
"0.0","0.10743392871385689"
"0.0","0.10717369131483985"
"0.0","0.10692508724589314"
"0.0","0.1067044826255439"
"0.0","0.10644436165675465"
"0.0","0.10639913287813257"
"0.0","0.10599263973814307"
"0.25","0.10588226485071825"
"0.25","0.10570054346373282"
"0.0","0.10544507391124312"
"0.0","0.10518488070782206"
"0.25","0.10500596951478032"
"0.0","0.10477857093585419"
"0.25","0.1046920484469101"
"0.25","0.1043775683783096"
"0.25","0.10409901788440992"
"0.25","0.10390777417638715"
"0.25","0.10371110512735049"
"0.25","0.10347476343633076"
"0.25","0.10329142737782313"
"0.25","0.10316523421077821"
"0.25","0.1031091500728893"
"0.25","0.102699552072367"
"0.25","0.10250238300906217"
"0.25","0.10230984131378196"
"0.25","0.10223213852101103"
"0.25","0.10193156718524943"
"0.25","0.10172608355764312"
"0.25","0.10154423843718954"
"0.25","0.10136644726071325"
"0.25","0.1012149392281137"
"0.25","0.10098192652839823"
"0.25","0.10083653312182073"
"0.25","0.10070135644384297"
"0.25","0.10063482097210054"
"0.25","0.10035826079548892"
"0.25","0.10026724439847923"
"0.25","0.09994678992141227"
"0.25","0.0998737757948806"
"0.25","0.09962335861669498"
"0.25","0.09951426101988409"
"0.25","0.09923370424981556"
"0.25","0.09908572692733168"
"0.25","0.0989475795115515"
"0.25","0.09877661177866387"
"0.25","0.09865234338933568"
"0.25","0.09848864457147434"
"0.25","0.09833392421978401"
"0.25","0.09821831808549622"
"0.25","0.09800299491824555"
"0.25","0.09782938310589405"
"0.25","0.09767274858568811"
"0.25","0.09763738270777109"
"0.25","0.09741437506046585"
"0.25","0.09725974088479866"
"0.25","0.09726402708176997"
"0.25","0.09704213051431979"
"0.25","0.09692482353434859"
"0.25","0.09674655581745908"
"0.25","0.09656878919575854"
"0.25","0.09652876020510381"
"0.25","0.09629341312304159"
"0.25","0.09615640560617225"
"0.25","0.09601690044367969"
"0.25","0.09590190797887585"
"0.25","0.09595344319088547"
"0.25","0.09564616432158105"
"0.25","0.0955189652454565"
"0.25","0.09554198716681014"
"0.25","0.09529560969582704"
"0.25","0.09519849909248126"
"0.25","0.09502953398686877"
"0.25","0.09495786842500437"
"0.25","0.0949039773009916"
"0.25","0.09468531566824409"
"0.25","0.0945558785433379"
"0.25","0.09452417529952606"
"0.25","0.09435008784389529"
"0.25","0.0942453966247254"
"0.25","0.09420280234206599"
"0.25","0.09404455909352996"
"0.25","0.09392385925842141"
"0.25","0.09383724433564065"
"0.25","0.0937319482470105"
"0.25","0.09360217546070904"
"0.25","0.09360832807387606"
"0.25","0.09342205451357224"
"0.25","0.09334801598522999"
"0.25","0.09320409611277715"
"0.25","0.09310901821481304"
"0.25","0.09304733063198162"
"0.25","0.09291058318074233"
"0.25","0.09281593163165963"
"0.25","0.09277124117893847"
"0.25","0.09268323396382296"
"0.25","0.09255610349735335"
"0.25","0.09250835948018524"
"0.25","0.09240142926040444"
"0.25","0.09228696279821234"
"0.25","0.0922049184001787"
"0.25","0.09214937247250654"
"0.25","0.09200942797720799"
"0.25","0.09194068022826175"
"0.25","0.09184297324373425"
"0.25","0.09174320517113857"
"0.25","0.09173294630853138"
"0.25","0.09158424653604609"
"0.25","0.09150614322790623"
"0.25","0.0915746375333536"
"0.25","0.0913351183777612"
"0.25","0.09138102432935127"
"0.25","0.09134127094148344"
"0.25","0.09110351669182667"
"0.25","0.09117604153564751"
"0.25","0.09093332747480819"
"0.25","0.09085112325573595"
"0.25","0.09090780884391783"
"0.25","0.09069254770089424"
"0.25","0.09064473696671657"
"0.25","0.09070679004061495"
"0.25","0.0904646344368922"
"0.25","0.0904823673462353"
"0.25","0.09031481260859012"
"0.25","0.0902414853147544"
"0.25","0.09017644027236568"
"0.25","0.09010868900170743"
"0.25","0.09002596032886523"
"0.25","0.0902149822956142"
"0.25","0.08988883856403702"
"0.25","0.08981180426162572"
"0.25","0.0897387873724563"
"0.25","0.08980604097249956"
"0.25","0.08959947789427178"
"0.25","0.08960073979047821"
"0.25","0.08946058398038687"
"0.25","0.08946330110385091"
"0.25","0.08933517604349427"
"0.25","0.08926531147069094"
"0.25","0.08918696003075549"
"0.25","0.08913861326829221"
"0.25","0.08905271961052506"
"0.25","0.08899095259660558"
"0.25","0.08891237160998602"
"0.25","0.08893410791691173"
"0.25","0.08878147682590366"
"0.25","0.08871153371494338"
"0.25","0.08869350741867352"
"0.25","0.08857894333335256"
"0.25","0.08851595131978138"
"0.25","0.08849624772880628"
"0.25","0.08844241032990899"
"0.25","0.08831132293949095"
"0.25","0.08826457350495626"
"0.25","0.0881699881761674"
"0.25","0.08819624187461628"
"0.25","0.08815656514124498"
"0.25","0.08799435191921878"
"0.25","0.0879010748080453"
"0.25","0.08795826254941891"
"0.25","0.08779108341843543"
"0.25","0.08773525450681736"
"0.25","0.08762787901067592"
"0.25","0.08768200574630133"
"0.25","0.08758097868806759"
"0.25","0.08743486776784105"
"0.25","0.08738759491657196"
"0.25","0.08732288779472774"
"0.25","0.08722460188583117"
"0.25","0.08714223620664986"
"0.25","0.08708017700242594"
"0.25","0.08701029426731219"
"0.25","0.08693626441214297"
"0.25","0.08695146433719247"
"0.25","0.08679499827431186"
"0.25","0.08671442193769087"
"0.25","0.0866361218083859"
"0.25","0.08658510654518226"
"0.25","0.08650012263720447"
"0.25","0.08657790670651702"
"0.25","0.08641951958840148"
"0.25","0.08626790116514081"
"0.25","0.08619386303115857"
"0.25","0.08611657352502476"
"0.25","0.08603612528114651"
"0.25","0.08615012564576871"
"0.25","0.08602464618350705"
"0.25","0.0858965371006412"
"0.25","0.08576544798540583"
"0.25","0.0856619617853054"
"0.25","0.08555326800747402"
"0.25","0.08555758673219031"
"0.25","0.08538547565698826"
"0.25","0.08532276082631325"
"0.25","0.08534375369940711"
"0.25","0.0851373997133235"
"0.25","0.08504388214436463"
"0.25","0.0851746854284782"
"0.25","0.08486453230390041"
"0.25","0.08477399278946954"
"0.25","0.08483246011851818"
"0.25","0.0847816845855695"
"0.25","0.08451323494538264"
"0.25","0.08456080984863315"
"0.25","0.08432199035214119"
"0.25","0.08420267703221636"
"0.25","0.08410630486469854"
"0.25","0.08399945607685552"
"0.25","0.08390324233646532"
"0.25","0.08387677181090657"
"0.25","0.08381042979211453"
"0.25","0.08358989171387704"
"0.25","0.08347970849620683"
"0.25","0.08335203357451453"
"0.25","0.08341719016347715"
"0.25","0.08317044808768641"
"0.25","0.08303306992157507"
"0.25","0.08290405518167233"
"0.25","0.08277632145468458"
"0.25","0.0826518273839933"
"0.25","0.08251629219815673"
"0.25","0.08263016844295425"
"0.25","0.08228440469309578"
"0.25","0.08236972313012345"
"0.25","0.08201108219136452"
"0.25","0.08187465101346726"
"0.25","0.08173604385999779"
"0.25","0.08158375145806904"
"0.25","0.08148752993526277"
"0.25","0.0813707639067235"
"0.25","0.0811457861025076"
"0.25","0.08106378267473921"
"0.25","0.0808451551649478"
"0.25","0.08070039182392193"
"0.25","0.08089759526990434"
"0.25","0.08048635605908235"
"0.25","0.08022794816422961"
"0.25","0.08030778640577527"
"0.25","0.07990755220217464"
"0.25","0.07973234774849414"
"0.25","0.07961564248509738"
"0.25","0.07941722784786028"
"0.25","0.07932101431978932"
"0.25","0.0790626628009765"
"0.25","0.0788126162078418"
"0.25","0.07861305421761863"
"0.25","0.0784127872325154"
"0.25","0.07822880270673616"
"0.25","0.07804391484272573"
"0.25","0.07780022264819575"
"0.25","0.07788947464951593"
"0.25","0.07739024458405583"
"0.25","0.07726627213343772"
"0.25","0.07715650396837043"
"0.25","0.07670865702736168"
"0.25","0.07651325154704115"
"0.25","0.07624073544137216"
"0.25","0.07601111439454802"
"0.25","0.07580229238869876"
"0.25","0.07551485226221892"
"0.25","0.07524072542318037"
"0.25","0.07498117306544687"
"0.25","0.07479386526435935"
"0.5","0.07477112660202634"
"0.5","0.07439349639912324"
"0.25","0.07405113677220745"
"0.25","0.07369286669806327"
"0.25","0.07333249218306863"
"0.25","0.07302252630531669"
"0.5","0.0729037188393683"
"0.25","0.07240815470890626"
"0.25","0.07212958684959482"
"0.25","0.07176688408418286"
"0.25","0.0714892759818369"
"0.5","0.07129166648650595"
"0.5","0.0709442425609317"
"0.25","0.07047650061508774"
"0.25","0.07019378401901552"
"0.25","0.0698451732356768"
"0.25","0.06943760369962179"
"0.25","0.0690797895489445"
"0.5","0.0688033802196131"
"0.25","0.06830357783211541"
"0.5","0.06804948542379072"
"0.25","0.0674708723125899"
"0.25","0.06714922697885888"
"0.5","0.06677807515574462"
"0.25","0.06630902940790606"
"0.5","0.06603301711506118"
"0.25","0.06547172174550994"
"0.25","0.0650492956784999"
"0.5","0.06482133912651918"
"0.5","0.06426345019208345"
"0.25","0.0637405170066829"
"0.5","0.06316227606368667"
"0.25","0.06279493332838237"
"0.5","0.06218489907089038"
"0.5","0.06169071540781371"
"0.5","0.061368809758021475"
"0.75","0.06101897522699766"
"0.25","0.060342100568729726"
"0.5","0.05971923945020224"
"0.5","0.05938308372393708"
"0.5","0.05886556474551183"
"0.25","0.058415998608299616"
"0.75","0.05779959726829702"
"0.5","0.057132909211921615"
"0.5","0.056623320074449854"
"0.5","0.05604439770815446"
"0.25","0.055714265051641516"
"0.75","0.05496105336922464"
"0.75","0.054380642593434975"
"0.5","0.05391501029330254"
"0.75","0.053258967104332686"
"0.5","0.052750986831365754"
"0.5","0.0521961038775399"
"0.75","0.05152460311130421"
"0.75","0.050915810263702406"
"0.75","0.05041932928010811"
"0.75","0.04978461841992418"
"0.75","0.049791085711786344"
"0.75","0.04886050534955031"
"0.75","0.04821141012079562"
"0.75","0.04760875555129439"
"0.75","0.04698576898857673"
"0.75","0.04643803384338495"
"0.75","0.045724433644364085"
"0.75","0.045308605334435356"
"0.75","0.04466763800458318"
"0.75","0.04418329149941992"
"0.75","0.043520284396892844"
"0.75","0.04292008659671483"
"0.75","0.04225984774611948"
"0.75","0.04173035806620329"
"0.75","0.04163773804776483"
"0.75","0.040587594849597126"
"0.75","0.040055114161003366"
"0.75","0.03947072462541587"
"0.75","0.039297911345539865"
"0.75","0.038499221836311256"
"0.75","0.037843232265330665"
"0.75","0.037511845201745386"
"0.75","0.03674480366705191"
"0.75","0.03623754711410492"
"0.75","0.035771380569874445"
"0.75","0.03546932316029326"
"0.75","0.03479679535964291"
"0.75","0.03424905512876254"
"0.75","0.03390087157082755"
"0.75","0.03323654086679392"
"0.75","0.03275461231204547"
"0.75","0.03224920966105467"
"0.75","0.031898289408819225"
"0.75","0.03135612519987591"
"0.75","0.030874325748229327"
"0.75","0.030400446544882307"
"0.75","0.02996088598463916"
"0.75","0.02947444933808686"
"0.75","0.029034833395831308"
"0.75","0.028668813197614586"
"0.75","0.028324272779039115"
"0.75","0.027885060576678115"
"0.75","0.027463543862365766"
"0.75","0.027163042881914668"
"0.75","0.026683825892026357"
"0.75","0.026203263726570513"
"0.75","0.025868871697915907"
"0.75","0.025454906265332543"
"0.75","0.025143111245653927"
"0.75","0.02471160294152778"
"0.75","0.02441477361036557"
"0.75","0.024022205281235505"
"0.75","0.02378155914051206"
"1.0","0.023334792423901525"
"0.75","0.023106238114337402"
"1.0","0.022631286820841652"
"1.0","0.022348689127571045"
"1.0","0.022010303863996404"
"1.0","0.021705710508380376"
"0.75","0.021505341209523042"
"1.0","0.021163885211786193"
"1.0","0.02082074655062987"
"1.0","0.020545000205147497"
"1.0","0.02029030440930111"
"1.0","0.020057878110797366"
"1.0","0.019740468452317646"
"1.0","0.01949785216986607"
"1.0","0.019213673145509834"
"1.0","0.018921233651274717"
"1.0","0.018703197022340003"
"1.0","0.018499767829758908"
"1.0","0.01816841075684599"
"1.0","0.017961185081105002"
"1.0","0.017699494116807706"
"1.0","0.017468830220715294"
"1.0","0.017257375583753492"
"1.0","0.017055667254262673"
"1.0","0.016817941083668568"
"1.0","0.016598971105207527"
"1.0","0.016417850561092403"
"1.0","0.01628874894498119"
"1.0","0.016005286583663694"
"1.0","0.01583786797756493"
"1.0","0.01563819823546784"
"1.0","0.015451239649859925"
"1.0","0.01523101244921663"
"1.0","0.01504013781209897"
"1.0","0.01485551941469289"
"1.0","0.014687186360206753"
"1.0","0.014506325328159254"
"1.0","0.014330194984261507"
"1.0","0.014219665779150679"
"1.0","0.014007011563299704"
"1.0","0.01384259868650614"
"1.0","0.013705019590064912"
"1.0","0.013560145213353466"
"1.0","0.013395722967581146"
"1.0","0.01327084806727576"
"1.0","0.013084474805555283"
"1.0","0.012943383268896996"
"1.0","0.012783472556542348"
"1.0","0.012644305144633532"
"1.0","0.012521647923437532"
"1.0","0.012389240257284112"
"1.0","0.012241979473116213"
"1.0","0.012116616516482943"
"1.0","0.012029384188003582"
"1.0","0.011862525369650875"
"1.0","0.011762848561556356"
"1.0","0.01163447531224945"
"1.0","0.011518329879870191"
"1.0","0.011382273404814184"
"1.0","0.01128378596203368"
"1.0","0.011170870141435571"
"1.0","0.01105671699039815"
"1.0","0.010932957034951361"
"1.0","0.010840470357183482"
"1.0","0.010719214220048385"
"1.0","0.010631091524152418"
"1.0","0.010507590526632575"
"1.0","0.010411027224696327"
"1.0","0.010315627205341378"
"1.0","0.010218878639995538"
"1.0","0.010114650825058556"
"1.0","0.010040599088486089"
"1.0","0.009943883430808511"
"1.0","0.009835589527725886"
"1.0","0.009741383119171018"
"1.0","0.009653119046007498"
"1.0","0.009577732948306031"
"1.0","0.009491679069445525"
"1.0","0.009387264209933674"
"1.0","0.009312472357538857"
"1.0","0.009230115466139497"
"1.0","0.009139011992728723"
"1.0","0.009064720997057466"
"1.0","0.008982179031773653"
